Company-Name, Job-Title, Location, Link-To-Apply
Caranci Consulting Corp.,Software Developer (Co-op/Internship),BarrieNew3d,htts://www.glassdoor.ca/partner/jobListing.htm?pos=101&ao=152239&s=58&guid=00000176e01505f894b5e6a1d62ba30e&src=GD_JOB_AD&t=SR&vt=w&cs=1_551024fc&cb=1610077243293&jobListingId=3511671632
General Motors,Infotainment Software Developer Intern Co-Op,MarkhamNew3d,htts://www.glassdoor.ca/partner/jobListing.htm?pos=102&ao=242900&s=58&guid=00000176e01505f894b5e6a1d62ba30e&src=GD_JOB_AD&t=SR&vt=w&cs=1_f9ec5071&cb=1610077243293&jobListingId=3785492769
General Motors,Infotainment Software Developer Intern Co-Op (Spring 2021),OntarioNew3d,htts://www.glassdoor.ca/partner/jobListing.htm?pos=103&ao=1136006&s=58&guid=00000176e01505f894b5e6a1d62ba30e&src=GD_JOB_AD&t=SR&vt=w&cs=1_7d13a061&cb=1610077243293&jobListingId=3785743512
Koho,Software Developer Intern,TorontoHOT22d,htts://www.glassdoor.ca/partner/jobListing.htm?pos=104&ao=1136006&s=58&guid=00000176e01505f894b5e6a1d62ba30e&src=GD_JOB_AD&t=SR&vt=w&cs=1_c1d10b61&cb=1610077243294&jobListingId=3771966042
Konrad,Software Developer Intern,TorontoHiring SurgeEasy Apply21d,htts://www.glassdoor.ca/partner/jobListing.htm?pos=105&ao=1136006&s=58&guid=00000176e01505f894b5e6a1d62ba30e&src=GD_JOB_AD&t=SR&vt=w&ea=1&cs=1_6815e032&cb=1610077243295&jobListingId=3659223819
BMO Financial Group,Software Developer Summer 2021 (Co-op/Internship) - 4 Months,Toronto,htts://www.glassdoor.ca/partner/jobListing.htm?pos=106&ao=1136006&s=58&guid=00000176e01505f894b5e6a1d62ba30e&src=GD_JOB_AD&t=SR&vt=w&cs=1_27608b47&cb=1610077243296&jobListingId=3778092440
Google,Software Developer Intern Machine Learning PhD,WaterlooHOT22d,htts://www.glassdoor.ca/partner/jobListing.htm?pos=107&ao=37049&s=58&guid=00000176e01505f894b5e6a1d62ba30e&src=GD_JOB_AD&t=SR&vt=w&cs=1_78af5da7&cb=1610077243296&jobListingId=3747064486
Harris Computer ,Software Developer Intern,OntarioTop Company27d,htts://www.glassdoor.ca/partner/jobListing.htm?pos=108&ao=242900&s=58&guid=00000176e01505f894b5e6a1d62ba30e&src=GD_JOB_AD&t=SR&vt=w&cs=1_33d5db20&cb=1610077243296&jobListingId=3768340533
Puzzle Cats,Software Developer Intern,Toronto7d,htts://www.glassdoor.ca/partner/jobListing.htm?pos=109&ao=46442&s=58&guid=00000176e01505f894b5e6a1d62ba30e&src=GD_JOB_AD&t=SR&vt=w&cs=1_45f13e25&cb=1610077243297&jobListingId=3783737139
Google,Software Developer Intern Systems and Infrastructure PhD,Montreal24h,htts://www.glassdoor.ca/partner/jobListing.htm?pos=110&ao=37049&s=58&guid=00000176e01505f894b5e6a1d62ba30e&src=GD_JOB_AD&t=SR&vt=w&cs=1_0589679f&cb=1610077243297&jobListingId=3740819888
IBM,Software Developer Intern (4 months),Ottawa27d,htts://www.glassdoor.ca/partner/jobListing.htm?pos=111&ao=128418&s=58&guid=00000176e01505f894b5e6a1d62ba30e&src=GD_JOB_AD&t=SR&vt=w&cs=1_56bdf9fb&cb=1610077243297&jobListingId=3768366178
CGI,Software Developer Intern (Front/Back End and Full Stack),MississaugaHiring Surge10d,htts://www.glassdoor.ca/partner/jobListing.htm?pos=112&ao=133286&s=58&guid=00000176e01505f894b5e6a1d62ba30e&src=GD_JOB_AD&t=SR&vt=w&cs=1_4b9f3969&cb=1610077243298&jobListingId=3730265853
BMO Financial Group,Software Developer Summer 2021 (Co-op/Internship) - 12 Months,Toronto,htts://www.glassdoor.ca/partner/jobListing.htm?pos=113&ao=1136006&s=58&guid=00000176e01505f894b5e6a1d62ba30e&src=GD_JOB_AD&t=SR&vt=w&cs=1_5940b4f5&cb=1610077243298&jobListingId=3778092367
IBM,Software Developer Intern (4-8 months),Ottawa23d,htts://www.glassdoor.ca/partner/jobListing.htm?pos=114&ao=128418&s=58&guid=00000176e01505f894b5e6a1d62ba30e&src=GD_JOB_AD&t=SR&vt=w&cs=1_34bc233e&cb=1610077243298&jobListingId=3771116807
BMO Financial Group,Software Developer Summer 2021 (Co-op/Internship) - 8 Months,Toronto,htts://www.glassdoor.ca/partner/jobListing.htm?pos=115&ao=1136006&s=58&guid=00000176e01505f894b5e6a1d62ba30e&src=GD_JOB_AD&t=SR&vt=w&cs=1_3fa9e72f&cb=1610077243299&jobListingId=3778092445
Google,Software Developer Intern Embedded Systems PhD,Montreal15d,htts://www.glassdoor.ca/partner/jobListing.htm?pos=116&ao=37049&s=58&guid=00000176e01505f894b5e6a1d62ba30e&src=GD_JOB_AD&t=SR&vt=w&cs=1_2a8a2a25&cb=1610077243299&jobListingId=3753583931
Ciena,CO OP/Intern:Coherent Modem Systems and Test Development,OttawaHiring Surge3d,htts://www.glassdoor.ca/partner/jobListing.htm?pos=117&ao=1136006&s=58&guid=00000176e01505f894b5e6a1d62ba30e&src=GD_JOB_AD&t=SR&vt=w&cs=1_609fe481&cb=1610077243299&jobListingId=3786490511
Google,Software Developer Intern PhD Summer,Montreal,htts://www.glassdoor.ca/partner/jobListing.htm?pos=118&ao=37049&s=58&guid=00000176e01505f894b5e6a1d62ba30e&src=GD_JOB_AD&t=SR&vt=w&cs=1_33293c75&cb=1610077243300&jobListingId=3687362772
Unity Technologies,Software Developer Intern Editor / Développeur de logiciels Editor stagiaire,MontrealHiring Surge22d,htts://www.glassdoor.ca/partner/jobListing.htm?pos=119&ao=1136006&s=58&guid=00000176e01505f894b5e6a1d62ba30e&src=GD_JOB_AD&t=SR&vt=w&cs=1_2fb04a2c&cb=1610077243300&jobListingId=3717863856
Unity Technologies,Virtual Production Software Developer Intern/Développeur logiciel production virtuelle stagiaire,MontrealEasy Apply3d,htts://www.glassdoor.ca/partner/jobListing.htm?pos=120&ao=8095&s=58&guid=00000176e01505f894b5e6a1d62ba30e&src=GD_JOB_AD&t=SR&vt=w&ea=1&cs=1_17e8f4fe&cb=1610077243301&jobListingId=3764226987
Google,Software Developer Intern Security PhD,Montreal15d,htts://www.glassdoor.ca/partner/jobListing.htm?pos=121&ao=37049&s=58&guid=00000176e01505f894b5e6a1d62ba30e&src=GD_JOB_AD&t=SR&vt=w&cs=1_14caad28&cb=1610077243301&jobListingId=3753583910
